Hvacbuilding Countbyprod.Country,Hvacbuilding Countbyprod.Hvac Product,Hvacbuilding Countbyprod.Count Extremetemp
Saudi Arabia,JDNS77,466
Indonesia,JDNS77,486
Brazil,JDNS77,452
Australia,JDNS77,450
Mexico,GG1919,456
Germany,GG1919,392
Finland,GG1919,460
Canada,GG1919,464
South Africa,FN39TG,474
France,FN39TG,502
Finland,FN39TG,486
Egypt,FN39TG,472
Israel,ACMAX22,464
Hong Kong,ACMAX22,496
China,ACMAX22,482
Argentina,ACMAX22,460
USA,AC1000,426
Turkey,AC1000,486
Singapore,AC1000,460
Belgium,AC1000,398
