Hvacbuilding Countbyprod.Country,Hvacbuilding Countextreme.Count Extreme
USA,213
Turkey,243
South Africa,237
Singapore,230
Saudi Arabia,233
Mexico,228
Israel,232
Indonesia,243
Hong Kong,248
Germany,196
France,251
Finland,946
Egypt,236
China,241
Canada,232
Brazil,226
Belgium,199
Australia,225
Argentina,230
