Hvacbuilding Countbyprod.Country,Hvacbuilding Countbyprod.Hvac Product,Hvacbuilding Countextreme.Count Extreme
USA,AC1000,213
Turkey,AC1000,243
Singapore,AC1000,230
Belgium,AC1000,199
Israel,ACMAX22,232
Hong Kong,ACMAX22,248
China,ACMAX22,241
Argentina,ACMAX22,230
South Africa,FN39TG,237
France,FN39TG,251
Finland,FN39TG,473
Egypt,FN39TG,236
Mexico,GG1919,228
Germany,GG1919,196
Finland,GG1919,473
Canada,GG1919,232
Saudi Arabia,JDNS77,233
Indonesia,JDNS77,243
Brazil,JDNS77,226
Australia,JDNS77,225
